Original,Mapped To
3M,3M
3M COMPANY,3M
A O SMITH CORP,A O SMITH CORP
ABBOTT LABORATORIES,ABBOTT LABORATORIES
ABBVIE,ABBVIE
ABBVIE INC,ABBVIE
ACCENTURE CLASS A,ACCENTURE PLC
ACCENTURE PLC,ACCENTURE PLC
ADOBE (NAS),ADOBE INC
ADOBE INC,ADOBE INC
ADVANCED MICRO,ADVANCED MICRO DEVICES
ADVANCED MICRO DEVICES,ADVANCED MICRO DEVICES
AES,AES
AES CORP,AES
AFLAC,AFLAC
AFLAC INC,AFLAC
AGILENT TECHNOLOGIES,AGILENT TECHNOLOGIES
AGILENT TECHS.,AGILENT TECHNOLOGIES
AIR PRDS.& CHEMS.,AIR PRODUCTS
AIR PRODUCTS,AIR PRODUCTS
AIRBNB,AIRBNB
AIRBNB A,AIRBNB
AKAMAI TECHNOLOGIES,AKAMAI TECHNOLOGIES
AKAMAI TECHS.,AKAMAI TECHNOLOGIES
ALBEMARLE,ALBEMARLE
ALBEMARLE CORP,ALBEMARLE
ALEXANDRIA REAL ESTA,ALEXANDRIA REAL ESTATE
ALEXANDRIA REAL ESTATE,ALEXANDRIA REAL ESTATE
ALEXANDRIA REAL ESTATE EQUITIES REIT,ALEXANDRIA REAL ESTATE
ALIGN TECHNOLOGY,ALIGN TECHNOLOGY
ALIGN TECHNOLOGY INC,ALIGN TECHNOLOGY
ALLEGION,ALLEGION
ALLEGION PLC,ALLEGION
ALLIANT ENERGY (XSC),ALLIANT ENERGY CORP
ALLIANT ENERGY CORP,ALLIANT ENERGY CORP
ALLSTATE CORP,ALLSTATE CORP
ALLSTATE ORD SHS,ALLSTATE CORP
ALPHABET 'A',ALPHABET
ALPHABET 'C',ALPHABET
ALPHABET INC,ALPHABET
ALTRIA GROUP,ALTRIA GROUP
ALTRIA GROUP INC,ALTRIA GROUP
AMAZON.COM,AMAZON.COM
AMAZON.COM INC,AMAZON.COM
AMCOR,AMCOR
AMCOR LIMITED,AMCOR
AMER.ELEC.PWR.,AMERICAN ELECTRIC
AMEREN,AMEREN
AMEREN CORPORATION,AMEREN
AMERICAN ELECTRIC,AMERICAN ELECTRIC
AMERICAN EXPRESS,AMERICAN EXPRESS
AMERICAN EXPRESS CO,AMERICAN EXPRESS
AMERICAN INT'L GROUP,AMERICAN INT'L GROUP
AMERICAN INTL.GP.,AMERICAN INT'L GROUP
AMERICAN TOWER,AMERICAN TOWER
AMERICAN TOWER CORP,AMERICAN TOWER
AMERICAN WATER WORKS,AMERICAN WATER WORKS
AMERIPRISE FIN,AMERIPRISE FIN
AMERIPRISE FINL.,AMERIPRISE FIN
AMETEK,AMETEK
AMETEK INC,AMETEK
AMGEN,AMGEN
AMGEN INC,AMGEN
AMPHENOL 'A',AMPHENOL CORP
AMPHENOL CORP,AMPHENOL CORP
ANALOG DEVICES,ANALOG DEVICES
"ANALOG DEVICES, INC.",ANALOG DEVICES
ANSYS,ANSYS
ANSYS INC,ANSYS
AON CLASS A,AON PLC
AON PLC,AON PLC
APA,APA
APA CORP (US),APA
APOLLO GLOB,APOLLO GLOBAL MANAGEMENT
APOLLO GLOBAL MANAGEMENT,APOLLO GLOBAL MANAGEMENT
APPLE,APPLE
APPLE INC,APPLE
APPLIED MATERIALS,APPLIED MATERIALS
APPLIED MATS.,APPLIED MATERIALS
APTIV,APTIV
ARCH CAP.GP.,ARCH CAPITAL GROUP
ARCH CAPITAL GROUP,ARCH CAPITAL GROUP
ARCHER DANIELS MIDL,ARCHER DANIELS MIDLAND
ARCHER DANIELS MIDLAND,ARCHER DANIELS MIDLAND
ARISTA NETWORKS,ARISTA NETWORKS
ARISTA NETWORKS INC,ARISTA NETWORKS
ARTHUR J GALLAGHER,ARTHUR J GALLAGHER
ARTHUR J. GALLAGHE,ARTHUR J GALLAGHER
ASSURANT,ASSURANT
ASSURANT INC,ASSURANT
AT&T,AT&T
AT&T INC,AT&T
ATMOS ENERGY,ATMOS ENERGY
ATMOS ENERGY CORP,ATMOS ENERGY
AUTODESK,AUTODESK
AUTODESK INC,AUTODESK
AUTOMATIC DATA PROC,AUTOMATIC DATA PROC
AUTOMATIC DATA PROC.,AUTOMATIC DATA PROC
AUTOZONE,AUTOZONE
AUTOZONE INC,AUTOZONE
AVALONBAY COMMNS.,AVALONBAY COMMNS
AVALONBAY COMMU,AVALONBAY COMMNS
AVERY DENNISON,AVERY DENNISON
AVERY DENNISON CORP,AVERY DENNISON
AXON ENTERPRISE,AXON ENTERPRISE
AXON ENTERPRISE INC,AXON ENTERPRISE
BAKER HUGHES A,BAKER HUGHES
BAKER HUGHES CO,BAKER HUGHES
BALL,BALL CORPORATION
BALL CORPORATION,BALL CORPORATION
BANK OF AMERICA,BANK OF AMERICA
BANK OF AMERICA CORP,BANK OF AMERICA
BANK OF NEW YORK,BANK OF NEW YORK
BANK OF NEW YORK MELLON,BANK OF NEW YORK
BAXTER INTERNATIONAL,BAXTER INTL.
BAXTER INTL.,BAXTER INTL.
BECTON DICKINSON,BECTON DICKINSON
"BECTON, DICKINSON",BECTON DICKINSON
BERKSHIRE HATHAWAY,BERKSHIRE HATHAWAY
BERKSHIRE HATHAWAY 'B',BERKSHIRE HATHAWAY
BEST BUY,BEST BUY
BEST BUY CO INC,BEST BUY
BI - ECHNE CORP,BIO-TECHNE
BIO-TECHNE,BIO-TECHNE
BIO-TECHNE - ECHNE,BIO-TECHNE
BIO-TECHNE CORP,BIO-TECHNE
BIO-TECHNE CORP - ECHNE CORP,BIO-TECHNE
BIOGEN,BIOGEN
BIOGEN INC,BIOGEN
BLACKROCK,BLACKROCK
BLACKROCK INC,BLACKROCK
BLACKSTONE,BLACKSTONE
BLACKSTONE INC,BLACKSTONE
BOEING,BOEING
BOEING CO,BOEING
BOOKING HOLDINGS,BOOKING HOLDINGS
BOSTON SCIENTIFIC,BOSTON SCIENTIFIC
BRISTO - YERS SQUIBB,BRISTOL MYERS SQUIBB
BRISTOL MYERS SQUIBB,BRISTOL MYERS SQUIBB
BRISTOL-MYERS SQUIBB,BRISTOL MYERS SQUIBB
BRISTOL-MYERS SQUIBB - YERS SQUIBB,BRISTOL MYERS SQUIBB
BROADCOM,BROADCOM
BROADCOM INC,BROADCOM
BROADRIDGE FINANCIAL,BROADRIDGE FINANCIAL
BROADRIDGE FINL.SLTN.,BROADRIDGE FINANCIAL
BROW - ORMAN CORP,BROWN-FORMAN CORP
BROWN & BROWN,BROWN & BROWN
BROWN-FORMAN 'B',BROWN-FORMAN CORP
BROWN-FORMAN 'B' - ORMAN 'B',BROWN-FORMAN CORP
BROWN-FORMAN CORP,BROWN-FORMAN CORP
BROWN-FORMAN CORP - ORMAN CORP,BROWN-FORMAN CORP
BUILDERS FIRSTSOURCE,BUILDERS FIRSTSOURCE
BUNGE GLOBAL,BUNGE GLOBAL
BUNGE GLOBAL SA,BUNGE GLOBAL
BXP,BXP
BXP INC,BXP
CADENCE DESIGN SYS.,CADENCE DESIGN SYST
CADENCE DESIGN SYST,CADENCE DESIGN SYST
CAESAR,CAESAR
CAESARS ENTERTAINMENT,CAESAR
CAMDEN PROPERTY,CAMDEN PROPERTY
CAMDEN PROPERTY TST.,CAMDEN PROPERTY
CAMPBELL'S CO,CAMPBELL'S CO
CAPITAL ONE FIN'L,CAPITAL ONE FIN'L
CAPITAL ONE FINL.,CAPITAL ONE FIN'L
CARDINAL HEALTH,CARDINAL HEALTH
"CARDINAL HEALTH, INC",CARDINAL HEALTH
CARMAX,CARMAX
CARMAX INC,CARMAX
CARNIVAL,CARNIVAL
CARNIVAL CORP,CARNIVAL
CARRIER GLOBAL,CARRIER GLOBAL
CATERPILLAR,CATERPILLAR
CATERPILLAR INC,CATERPILLAR
CBOE GLOBAL,CBOE GLOBAL
CBOE GLOBAL MARKETS(BTS),CBOE GLOBAL
CBRE GROUP,CBRE GROUP
CBRE GROUP CLASS A,CBRE GROUP
CDW,CDW
CDW CORP,CDW
CENCORA,CENCORA
CENCORA INC,CENCORA
CENTENE,CENTENE
CENTENE CORP,CENTENE
CENTERPOINT EN.,CENTERPOINT ENERGY
CENTERPOINT ENERGY,CENTERPOINT ENERGY
CF IND HLDGS INC,CF IND HLDGS INC
CF INDUSTRIES HDG.,CF IND HLDGS INC
CH ROBINSO,CH ROBINSON
CH ROBINSON WWD.,CH ROBINSON
CHARLES RIVER LAB,CHARLES RIVER LABS
CHARLES SCHWAB,CHARLES SCHWAB
CHARLES SCHWAB CORP,CHARLES SCHWAB
CHARTER COMMS.CL.A,CHARTER COMMS
CHARTER COMMU,CHARTER COMMS
CHAS.RVR.LABS.INTL.,CHARLES RIVER LABS
CHEVRON,CHEVRON
CHEVRON CORP,CHEVRON
CHIPOTLE MEXICAN,CHIPOTLE MEXICAN
CHIPOTLE MEXN.GRILL,CHIPOTLE MEXICAN
CHUBB,CHUBB
CHURCH & DWIGHT CO,CHURCH & DWIGHT CO
CHURCH & DWIGHT CO.,CHURCH & DWIGHT CO
CIGNA,CIGNA
CIGNA GROUP,CIGNA
CINCINNATI FINL CORP,CINCINNATI FINL
CINCINNATI FINL.,CINCINNATI FINL
CINTAS,CINTAS
CINTAS CORP,CINTAS
CISCO SYSTEMS,CISCO SYSTEMS
"CISCO SYSTEMS, INC.",CISCO SYSTEMS
CITIGROUP,CITIGROUP
CITIGROUP INC,CITIGROUP
CITIZENS FINANCIAL,CITIZENS FINANCIAL
CITIZENS FINANCIAL GROUP,CITIZENS FINANCIAL
CLOROX,CLOROX
CLOROX CO,CLOROX
CME GROUP,CME GROUP
CME GROUP INC,CME GROUP
CMS ENERGY,CMS ENERGY
CMS ENERGY CORP,CMS ENERGY
COC - OLA,COCA COLA
COCA COLA,COCA COLA
COCA-COLA,COCA COLA
COCA-COLA - OLA,COCA COLA
COGNIZANT TECH.SLTN.'A',COGNIZANT TECHNOLOGY
COGNIZANT TECHNOLOGY,COGNIZANT TECHNOLOGY
COLGAT - ALMOLIVE CO,COLGATE-PALMOLIVE CO
COLGATE-PALM.,COLGATE-PALMOLIVE CO
COLGATE-PALM. - ALM.,COLGATE-PALMOLIVE CO
COLGATE-PALMOLIVE CO,COLGATE-PALMOLIVE CO
COLGATE-PALMOLIVE CO - ALMOLIVE CO,COLGATE-PALMOLIVE CO
COMCAST A,COMCAST
COMCAST CORP,COMCAST
CONAGRA BRANDS,CONAGRA BRANDS
CONAGRA BRANDS INC,CONAGRA BRANDS
CONOCOPHILLIPS,CONOCOPHILLIPS
CONSOLIDATED EDISON,CONSOLIDATED EDISON
CONSTELLATION BRANDS,CONSTELLATION BRANDS
CONSTELLATION BRANDS 'A',CONSTELLATION BRANDS
CONSTELLATION ENERGY,CONSTELLATION ENERGY
COOPER COMPANIES INC,COOPER COMPANIES
COOPER COS.,COOPER COMPANIES
COPART,COPART
COPART INC,COPART
CORNING,CORNING
CORNING INCORPORATED,CORNING
CORPAY,CORPAY
CORPAY INC,CORPAY
CORTEVA,CORTEVA
CORTEVA INC,CORTEVA
COSTAR GP.,COSTAR GROUP
"COSTAR GROUP, INC.",COSTAR GROUP
COSTCO WHOLESALE,COSTCO WHOLESALE
COTERRA ENERGY,COTERRA ENERGY
COTERRA ENERGY INC,COTERRA ENERGY
CROWDSTRIKE HOLD,CROWDSTRIKE
CROWDSTRIKE HOLDINGS A,CROWDSTRIKE
CROWN CASTLE,CROWN CASTLE
CSX,CSX
CSX CORP,CSX
CUMMINS,CUMMINS
CUMMINS INC,CUMMINS
CVS HEALTH,CVS HEALTH
CVS HEALTH CORP,CVS HEALTH
D R HORTON,D R HORTON
DANAHER,DANAHER
DANAHER CORP,DANAHER
DARDEN RESTAURANTS,DARDEN RESTAURANTS
DAVITA,DAVITA
DAVITA INC,DAVITA
DAYFORCE,DAYFORCE
DAYFORCE INC,DAYFORCE
DECKERS OUTDOOR,DECKERS OUTDOOR
DECKERS OUTDOOR CORP,DECKERS OUTDOOR
DEERE,DEERE
DEERE & CO,DEERE
DELL TECH,DELL TECH
DELL TECHNOLOGIES C,DELL TECH
DELTA AIR LINES,DELTA AIR LINES
"DELTA AIR LINES, INC",DELTA AIR LINES
DEVON ENERGY,DEVON ENERGY
DEVON ENERGY CORP,DEVON ENERGY
DEXCOM,DEXCOM
DEXCOM INC,DEXCOM
DIAMONDBACK,DIAMONDBACK
DIAMONDBACK ENERGY,DIAMONDBACK
DIGITAL REALTY TRUST,DIGITAL REALTY TRUST
DIGITAL REALTY TST.,DIGITAL REALTY TRUST
DISCOVER FINANCI,DISCOVER FINANCIAL
DISCOVER FINANCIAL SVS.,DISCOVER FINANCIAL
DOLLAR GENERAL,DOLLAR GENERAL
DOLLAR GENERAL CORP,DOLLAR GENERAL
DOLLAR TREE,DOLLAR TREE
"DOLLAR TREE, INC",DOLLAR TREE
DOMINION ENERGY,DOMINION ENERGY
DOMINION ENERGY INC,DOMINION ENERGY
"DOMINO' S PIZZA, INC",DOMINO'S PIZZA
DOMINO'S PIZZA,DOMINO'S PIZZA
DOORDASH A,DOORDASH
DOORDASH INC,DOORDASH
DOVER,DOVER
DOVER CORP,DOVER
DOW INC,DOW INC
DOW ORD SHS,DOW INC
DR HORTON INC,D R HORTON
DTE ENERGY,DTE ENERGY
DTE ENERGY CO,DTE ENERGY
DUKE ENERGY,DUKE ENERGY
DUKE ENERGY CORP,DUKE ENERGY
DUPONT DE,DUPONT DE
DUPONT DE NEMOURS,DUPONT DE
EASTMAN CHEMICAL,EASTMAN CHEMICAL
EASTMAN CHEMICAL CO,EASTMAN CHEMICAL
EATON,EATON
EATON CORP PLC,EATON
EBAY,EBAY
EBAY INC.,EBAY
ECOLAB,ECOLAB
ECOLAB INC,ECOLAB
EDISON INTERNATIONAL,EDISON INTL.
EDISON INTL.,EDISON INTL.
EDWARDS LIFESCIENCES,EDWARDS LIFESCIENCES
ELECTRONIC ARTS,ELECTRONIC ARTS
"ELECTRONIC ARTS, INC",ELECTRONIC ARTS
ELEVANCE HEALTH,ELEVANCE HEALTH
ELI LILLY,ELI LILLY
EMERSON ELECTRIC,EMERSON ELECTRIC
EMERSON ELECTRIC CO.,EMERSON ELECTRIC
ENPHASE ENERGY,ENPHASE ENERGY
ENTERGY,ENTERGY
ENTERGY CORPORATION,ENTERGY
EOG RES.,EOG RESOURCES
"EOG RESOURCES, INC.",EOG RESOURCES
EPAM SYSTE,EPAM SYSTEMS
EPAM SYSTEMS,EPAM SYSTEMS
EQT,EQT
EQT CORPORATION,EQT
EQUIFAX,EQUIFAX
EQUIFAX INC.,EQUIFAX
EQUINIX REIT,EQUINIX
"EQUINIX, INC.",EQUINIX
EQUITY RESD.TST.PROPS. SHBI,EQUITY RESIDENTIAL
EQUITY RESIDENTIAL,EQUITY RESIDENTIAL
ERIE INDEMNITY,ERIE INDEMNITY
ERIE INDEMNITY 'A',ERIE INDEMNITY
ESSEX PROPERTY TRUST,ESSEX PROPERTY TRUST
ESSEX PROPERTY TST.,ESSEX PROPERTY TRUST
ESTEE LAUDER CO,ESTEE LAUDER CO
ESTEE LAUDER COS.'A',ESTEE LAUDER CO
EVEREST GROUP,EVEREST GROUP
EVEREST GROUP LTD,EVEREST GROUP
EVERGY,EVERGY
EVERGY INC,EVERGY
EVERSOURCE ENERGY,EVERSOURCE ENERGY
EXELON,EXELON
EXELON CORPORATION,EXELON
EXPAND ENERGY,EXPAND ENERGY
EXPAND ENERGY CORP,EXPAND ENERGY
EXPEDIA GROUP,EXPEDIA GROUP
EXPEDIA GROUP INC,EXPEDIA GROUP
EXPEDITORS INTL WASH,EXPEDITORS INTL WASH
EXPEDITORS INTL.OF WASH. A,EXPEDITORS INTL WASH
EXTRA SPACE STORAGE,EXTRA SPACE STORAGE
EXTRA SPACE STRG.,EXTRA SPACE STORAGE
EXXON MOBIL,EXXON MOBIL
EXXON MOBIL CORP,EXXON MOBIL
F5,F5
F5 INC,F5
FACTSET RESEARCH SYS,FACTSET RESEARCH SYS
FACTSET RESEARCH SYS.,FACTSET RESEARCH SYS
FAIR ISAAC,FAIR ISAAC
FAIR ISAAC CORP.,FAIR ISAAC
FASTENAL,FASTENAL
FASTENAL COMPANY,FASTENAL
FEDERAL REALTY INV.TST.,FEDERAL REALTY INVST
FEDERAL REALTY INVST,FEDERAL REALTY INVST
FEDEX,FEDEX
FEDEX CORP,FEDEX
FIDELITY NAT.INFO.SVS.,FIDELITY NATNL INF
FIDELITY NATNL INF,FIDELITY NATNL INF
FIFTH THIRD BANCORP,FIFTH THIRD BANCORP
FIRST SOLAR,FIRST SOLAR
"FIRST SOLAR, INC.",FIRST SOLAR
FIRSTENERGY,FIRSTENERGY
FIRSTENERGY CORP,FIRSTENERGY
FISERV,FISERV
FISERV INC,FISERV
FORD MOTOR,FORD MOTOR
FORD MOTOR COMPANY,FORD MOTOR
FORTINET,FORTINET
FORTINET INC,FORTINET
FORTIVE,FORTIVE
FORTIVE CORP,FORTIVE
FOX A,FOX
FOX B,FOX
FOX CORP,FOX
FRANKLIN RESOURCES,FRANKLIN RESOURCES
FREEPOR - CMORAN INC,FREEPORT-MCMORAN
FREEPORT-MCMORAN,FREEPORT-MCMORAN
FREEPORT-MCMORAN - CMORAN,FREEPORT-MCMORAN
FREEPORT-MCMORAN INC,FREEPORT-MCMORAN
FREEPORT-MCMORAN INC - CMORAN INC,FREEPORT-MCMORAN
GARMIN,GARMIN
GARMIN LTD.,GARMIN
GARTNER 'A',GARTNER INC
GARTNER INC,GARTNER INC
GE AEROSPACE,GE AEROSPACE
GE HEALTHCARE,GE HEALTHCARE
GE HEALTHCARE TECHNOLOGIES,GE HEALTHCARE
GE VERNOVA,GE VERNOVA
GE VERNOVA INC,GE VERNOVA
GEN DIGITAL,GEN DIGITAL
GEN DIGITAL INC,GEN DIGITAL
GENERAC HOLDINGS,GENERAC HOLDINGS
GENERAL DYNAMICS,GENERAL DYNAMICS
GENERAL ELECTRIC CO,GE AEROSPACE
GENERAL MILLS,GENERAL MILLS
"GENERAL MILLS, INC.",GENERAL MILLS
GENERAL MOTORS,GENERAL MOTORS
GENERAL MOTORS CO,GENERAL MOTORS
GENUINE PARTS,GENUINE PARTS
GENUINE PARTS CO,GENUINE PARTS
GILEAD SCIENCES,GILEAD SCIENCES
"GILEAD SCIENCES, INC",GILEAD SCIENCES
GLOBAL PAYMENTS,GLOBAL PAYMENTS
GLOBAL PAYMENTS INC,GLOBAL PAYMENTS
GLOBE LIFE,GLOBE LIFE
GLOBE LIFE INC,GLOBE LIFE
GODADDY,GODADDY
GODADDY CL.A,GODADDY
GOLDMAN SACHS GP.,GOLDMAN SACHS GROUP
GOLDMAN SACHS GROUP,GOLDMAN SACHS GROUP
HALLIBURTON,HALLIBURTON
HALLIBURTON COMPANY,HALLIBURTON
HARTFORD INSURANCE,HARTFORD INSURANCE
HARTFORD INSURANCE GROUP,HARTFORD INSURANCE
HASBRO,HASBRO
HASBRO INC,HASBRO
HCA HEALTHCARE,HCA HEALTHCARE
HEALTHPEAK,HEALTHPEAK
HEALTHPEAK PROPERTIES,HEALTHPEAK
HENRY SCHEIN,HENRY SCHEIN
"HENRY, (JACK) & ASSC",JACK HENRY AND ASSOCIATES
HERSHEY,HERSHEY
HERSHEY CO,HERSHEY
HESS,HESS
HESS CORP,HESS
HEWLETT PACKARD,HEWLETT PACKARD
HEWLETT PACKARD ENTER.,HEWLETT PACKARD
HILTON WORLDWIDE,HILTON WORLDWIDE
HILTON WORLDWIDE HDG.,HILTON WORLDWIDE
HNTGTN.INGALLS INDS.,HUNTINGTON INGALLS
HOLOGIC,HOLOGIC
HOLOGIC INC,HOLOGIC
HOME DEPOT,HOME DEPOT
"HOME DEPOT, INC.",HOME DEPOT
HONEYWELL INTERNATNL,HONEYWELL INTL.
HONEYWELL INTL.,HONEYWELL INTL.
HORMEL FOODS,HORMEL FOODS
HORMEL FOODS CORP,HORMEL FOODS
HOST HOTELS &,HOST HOTELS & RESORTS
HOST HOTELS & RESORTS REIT,HOST HOTELS & RESORTS
HOWMET AEROSPACE,HOWMET AEROSPACE
HP,HP
HP INC,HP
HUBBELL,HUBBELL
HUBBELL INC,HUBBELL
HUMANA,HUMANA
HUMANA INC.,HUMANA
HUNT JB TRANSPORT SVS.,J B HUNT TRANSPORT
HUNTINGTON BANCSHR,HUNTINGTON BANCSHARES
HUNTINGTON BCSH.,HUNTINGTON BANCSHARES
HUNTINGTON INGALLS,HUNTINGTON INGALLS
IDEX,IDEX
IDEX CORP,IDEX
IDEXX LABORATORIES,IDEXX
ILLINOIS TOOL WORKS,ILLINOIS TOOL WORKS
INCYTE,INCYTE
INCYTE CORP,INCYTE
INGERSOLL RAND,INGERSOLL RAND
INSULET,INSULET
INSULET CORP,INSULET
INT'L BUSINESS MACHS,IBM
INTEL,INTEL
INTEL CORP,INTEL
INTERCONTINENTAL,INTERCONTINENTAL
INTERCONTINENTAL EX.,INTERCONTINENTAL
INTERNATIONAL BUS.MCHS.,IBM
INTERNATIONAL PAPER,INTERNATIONAL PAPER
INTERPUBLIC GROUP,INTERPUBLIC GROUP
INTL FLAVORS&FRAGRAN,INTL FLAVORS&FRAGRAN
INTL.FLAVORS & FRAG.,INTL FLAVORS&FRAGRAN
INTUIT,INTUIT
INTUIT INC,INTUIT
INTUITIVE SURGICAL,INTUITIVE SURGICAL
INVESCO,INVESCO
INVESCO LTD.,INVESCO
INVITATION HOME,INVITATION HOME
INVITATION HOMES,INVITATION HOME
IQVIA HOLDINGS,IQVIA HOLDINGS
IQVIA HOLDINGS INC,IQVIA HOLDINGS
IRON MOUNTAIN,IRON MOUNTAIN
IRON MOUNTAIN INC,IRON MOUNTAIN
J B HUNT TRANSPORT,J B HUNT TRANSPORT
J M SMUCKER,J M SMUCKER
J M SMUCKER CO,J M SMUCKER
JABIL,JABIL
JABIL INC,JABIL
JACK HENRY AND ASSOCIATES,JACK HENRY AND ASSOCIATES
JACOBS SOLUTIONS,JACOBS SOLUTIONS
JACOBS SOLUTIONS INC,JACOBS SOLUTIONS
JOHNSON & JOHNSON,JOHNSON & JOHNSON
JOHNSON CONTROLS INT,JOHNSON CONTROLS INT
JOHNSON CONTROLS INTL.,JOHNSON CONTROLS INT
JP MORGAN CHASE & CO.,JPMORGAN CHASE & CO
JPMORGAN CHASE & CO,JPMORGAN CHASE & CO
JUNIPER NETWORKS,JUNIPER NETWORKS
JUNIPER NETWORKS INC,JUNIPER NETWORKS
KELLANOVA,KELLANOVA
KENVUE,KENVUE
KENVUE INC,KENVUE
KEURIG DR PEPPER,KEURIG DR PEPPER
KEURIG DR PEPPER INC,KEURIG DR PEPPER
KEYCORP,KEYCORP
KEYSIGHT TECH,KEYSIGHT TECHNOLOGIES
KEYSIGHT TECHNOLOGIES,KEYSIGHT TECHNOLOGIES
KIMBERL - LARK,KIMBERLY-CLARK
KIMBERLY-CLARK,KIMBERLY-CLARK
KIMBERLY-CLARK - LARK,KIMBERLY-CLARK
KIMCO REALTY,KIMCO REALTY
KIMCO REALTY CORP,KIMCO REALTY
KINDER MORGAN,KINDER MORGAN
KKR & CO INC,KKR & CO INC
KKR AND CO. ORD. SHS.,KKR & CO INC
KLA,KLA
KRAFT HEINZ,KRAFT HEINZ
KRAFT HEINZ CO,KRAFT HEINZ
KROGER,KROGER
KROGER CO,KROGER
L3HARRIS TECHN,L3HARRIS TECHNOLOGIES
L3HARRIS TECHNOLOGIES,L3HARRIS TECHNOLOGIES
LABCORP HOLDINGS,LABCORP HOLDINGS
LAM RESEARCH,LAM RESEARCH
LAM RESEARCH CORP,LAM RESEARCH
LAMB WESTON HOLDIN,LAMB WESTON HOLDINGS
LAMB WESTON HOLDINGS,LAMB WESTON HOLDINGS
LAS VEGAS SANDS,LAS VEGAS SANDS
LAS VEGAS SANDS CORP,LAS VEGAS SANDS
LEIDOS HOLDINGS,LEIDOS HOLDINGS
LEIDOS HOLDINGS INC,LEIDOS HOLDINGS
LENNAR A A,LENNAR
LENNAR CORP,LENNAR
LENNOX INTERNATIONAL,LENNOX INTL.
LENNOX INTL.,LENNOX INTL.
LILLY (ELI) AND CO.,ELI LILLY
LINDE,LINDE
LINDE (NYS),LINDE
LIVE NATION ENTE,LIVE NATION ENTE
LIVE NATION ENTM.,LIVE NATION ENTE
LKQ,LKQ
LKQ CORPORATION,LKQ
LOCKHEED MARTIN,LOCKHEED MARTIN
LOCKHEED MARTIN CORP,LOCKHEED MARTIN
LOEWS,LOEWS
LOEWS CORPORATION,LOEWS
LOWE'S COMPANI,LOWE'S COMPANIES
LOWE'S COMPANIES,LOWE'S COMPANIES
LULULEMON ATHLETIC,LULULEMON ATHLETIC
LULULEMON ATHLETICA,LULULEMON ATHLETIC
LYONDELLBASELL,LYONDELLBASELL
LYONDELLBASELL INDS.CL.A,LYONDELLBASELL
M&T BANK,M&T BANK
M&T BANK CORPORATION,M&T BANK
MARATHON PETRO,MARATHON PETROLEUM
MARATHON PETROLEUM,MARATHON PETROLEUM
MARKETAXESS HLDGS,MARKETAXESS HLDGS
MARKETAXESS HOLDINGS,MARKETAXESS HLDGS
MARRIOTT INT'L,MARRIOTT INT'L
MARRIOTT INTL.'A',MARRIOTT INT'L
MARSH & MCLENNAN,MARSH & MCLENNAN
MARSH & MCLENNAN CO.,MARSH & MCLENNAN
MARTIN MARIETTA MAT,MARTIN MARIETTA MAT
MARTIN MRTA.MATS.,MARTIN MARIETTA MAT
MASCO,MASCO
MASCO CORP,MASCO
MASTERCARD,MASTERCARD
"MASTERCARD, INC.",MASTERCARD
MATCH GROUP,MATCH GROUP
MCCORMICK & CO INC,MCCORMICK & CO INC
MCCORMICK & COMPANY NV.,MCCORMICK & CO INC
MCDONALD'S CORP,MCDONALDS
MCDONALDS,MCDONALDS
MCKESSON,MCKESSON
MCKESSON CORPORATION,MCKESSON
MEDTRONIC,MEDTRONIC
MEDTRONIC PLC,MEDTRONIC
MERCK & CO INC,MERCK & CO INC
MERCK & COMPANY,MERCK & CO INC
META PLATFORMS A,META
META PLATFORMS INC,META
METLIFE,METLIFE
METLIFE INC,METLIFE
METTLE - OLEDO INT'L,METTLER TOLEDO INTL.
METTLER TOLEDO INTL.,METTLER TOLEDO INTL.
METTLER-TOLEDO INT'L,METTLER TOLEDO INTL.
METTLER-TOLEDO INT'L - OLEDO INT'L,METTLER TOLEDO INTL.
MGM RESORTS,MGM RESORTS
MGM RESORTS INTL.,MGM RESORTS
MI - MERICA APARTMNT,MID-AMERICA APARTMNT
MICROCHIP TECH.,MICROCHIP TECH.
MICROCHIP TECHNOLOGY,MICROCHIP TECH.
MICRON TECHNOLOGY,MICRON TECHNOLOGY
MICROSOFT,MICROSOFT
MICROSOFT CORP,MICROSOFT
MID-AMER.APT COMMUNITIES,MID-AMERICA APARTMNT
MID-AMER.APT COMMUNITIES - MER.APT COMMUNITIES,MID-AMERICA APARTMNT
MID-AMERICA APARTMNT,MID-AMERICA APARTMNT
MID-AMERICA APARTMNT - MERICA APARTMNT,MID-AMERICA APARTMNT
MODERNA,MODERNA
MODERNA INC,MODERNA
MOHAWK INDUSTRIES,MOHAWK INDUSTRIES
MOLINA HEALTHCARE,MOLINA HEALTHCARE
MOLSON COORS BE,MOLSON COORS BEVERAGE
MOLSON COORS BEVERAGE,MOLSON COORS BEVERAGE
MOLSON COORS BEVERAGE COMPANY B,MOLSON COORS BEVERAGE
MONDELEZ,MONDELEZ
MONDELEZ INTERNATIONAL CL.A,MONDELEZ
MONOLITHIC POWER SYS,MONOLITHIC POWER SYS
MONOLITHIC PWR.SYS.,MONOLITHIC POWER SYS
MONSTER BEVERAGE,MONSTER BEVERAGE
MOODY'S,MOODY'S
MOODY'S CORP,MOODY'S
MORGAN STANLEY,MORGAN STANLEY
MOSAIC,MOSAIC
MOSAIC CO,MOSAIC
MOTOROLA SOLUTIONS,MOTOROLA SOLUTIONS
MSCI,MSCI
MSCI INC.,MSCI
NASDAQ,NASDAQ
NASDAQ INC,NASDAQ
NETAPP,NETAPP
NETAPP INC,NETAPP
NETFLIX,NETFLIX
NETFLIX INC,NETFLIX
NEWMONT,NEWMONT
NEWMONT CORP,NEWMONT
NEWS 'A',NEWS CORP
NEWS 'B',NEWS CORP
NEWS CORP,NEWS CORP
NEXTERA ENERGY,NEXTERA ENERGY
NIKE 'B',NIKE
NIKE INC.,NIKE
NISOURCE,NISOURCE
NISOURCE INC,NISOURCE
NORDSON,NORDSON
NORDSON CORPORATION,NORDSON
NORFOLK SOUTHERN,NORFOLK SOUTHERN
NORTHERN TRUST,NORTHERN TRUST
NORTHERN TRUST CORP,NORTHERN TRUST
NORTHROP GRUMMAN,NORTHROP GRUMMAN
NORWEGIAN CRUISE,NORWEGIAN CRUISE
NORWEGIAN CRUISE LINE HDG.,NORWEGIAN CRUISE
NRG ENERGY,NRG ENERGY
NRG ENERGY INC.,NRG ENERGY
NUCOR,NUCOR
NUCOR CORP,NUCOR
NVIDIA,NVIDIA
NVIDIA CORPORATION,NVIDIA
NVR,NVR
"NVR, INC.",NVR
NXP SEMICONDUCTORS,NXP SEMICONDUCTORS
O REILLY AUTOMOTIVE,O REILLY AUTOMOTIVE
OBILE US INC,T-MOBILE US
OCCIDENTAL PETROLEUM,OCCIDENTAL PETROLEUM
OCCIDENTAL PTL.,OCCIDENTAL PETROLEUM
OLD DOMINION FGT.LINES,OLD DOMINION FREIGHT
OLD DOMINION FREIGHT,OLD DOMINION FREIGHT
OMNICOM GROUP,OMNICOM GROUP
OMNICOM GROUP INC,OMNICOM GROUP
ON SEMICONDUCTOR,ON SEMICONDUCTOR
ONEOK,ONEOK
"ONEOK, INC.",ONEOK
ORACLE,ORACLE
ORACLE CORP,ORACLE
OTIS WORLDWIDE,OTIS WORLDWIDE
OTIS WORLDWIDE CORP,OTIS WORLDWIDE
PACCAR,PACCAR
PACCAR INC.,PACCAR
PACKAGING CORP,PACKAGING CORP
PACKAGING CORP.OF AM.,PACKAGING CORP
PALANTIR,PALANTIR
PALANTIR TECHNOLOGIES A,PALANTIR
PALO ALTO,PALO ALTO
PALO ALTO NETWORKS,PALO ALTO
PARAMOUNT GLOBAL,PARAMOUNT GLOBAL
PARAMOUNT GLOBAL B,PARAMOUNT GLOBAL
PARKE - ANNIFIN CORP,PARKER-HANNIFIN
PARKER-HANNIFIN,PARKER-HANNIFIN
PARKER-HANNIFIN - ANNIFIN,PARKER-HANNIFIN
PARKER-HANNIFIN CORP,PARKER-HANNIFIN
PARKER-HANNIFIN CORP - ANNIFIN CORP,PARKER-HANNIFIN
PAYCHEX,PAYCHEX
PAYCHEX INC,PAYCHEX
PAYCOM SOFTWARE,PAYCOM SOFTWARE
PAYCOM SOFTWARE INC,PAYCOM SOFTWARE
PAYPAL HOLDINGS,PAYPAL HOLDINGS
PAYPAL HOLDINGS INC,PAYPAL HOLDINGS
PENTAIR,PENTAIR
PENTAIR PLC,PENTAIR
PEPSICO,PEPSICO
PEPSICO INC,PEPSICO
PFIZER,PFIZER
PFIZER INC,PFIZER
PG&E,PG&E
PG&E CORP,PG&E
PHILIP MORRIS INTER,PHILIP MORRIS INTL.
PHILIP MORRIS INTL.,PHILIP MORRIS INTL.
PHILLIPS 66,PHILLIPS 66
PINNACLE WEST CAP.,PINNACLE WEST CAPTL
PINNACLE WEST CAPTL,PINNACLE WEST CAPTL
PNC FINL SVCS GROUP,PNC FINL SVCS GROUP
PNC FINL.SVS.GP.,PNC FINL SVCS GROUP
POOL,POOL
POOL CORP,POOL
PPG INDUSTRIES,PPG INDUSTRIES
PPG INDUSTRIES INC,PPG INDUSTRIES
PPL,PPL
PPL CORP,PPL
PRINCIPAL FINL GROUP,PRINCIPAL FINL GROUP
PRINCIPAL FINL.GP.,PRINCIPAL FINL GROUP
PROCTER & GAMBLE,PROCTER & GAMBLE
PROGRESSIVE CORP,PROGRESSIVE CORP
PROGRESSIVE OHIO,PROGRESSIVE CORP
PROLOGIS,PROLOGIS
PROLOGIS REIT,PROLOGIS
PRUDENTIAL FINANCIAL,PRUDENTIAL FINANCIAL
PRUDENTIAL FINL.,PRUDENTIAL FINANCIAL
PTC,PTC
PTC INC,PTC
PUB.SER.ENTER.GP.,PUBLIC SVC ENTRPR GR
PUBLIC STORAGE,PUBLIC STORAGE
PUBLIC SVC ENTRPR GR,PUBLIC SVC ENTRPR GR
PULTEGROUP,PULTEGROUP
QUALCOMM,QUALCOMM
QUALCOMM INC,QUALCOMM
QUANTA SERVICES,QUANTA SERVICES
"QUANTA SERVICES, INC",QUANTA SERVICES
QUEST DIAGNOSTICS,QUEST DIAGNOSTICS
RALPH LAUREN,RALPH LAUREN
RALPH LAUREN CL.A,RALPH LAUREN
RAYMOND JAMES FIN'L,RAYMOND JAMES FINL.
RAYMOND JAMES FINL.,RAYMOND JAMES FINL.
REALTY INCOME,REALTY INCOME
REALTY INCOME CORP,REALTY INCOME
REGENCY CENTERS,REGENCY CENTERS
REGENCY CENTERS CORP,REGENCY CENTERS
REGENERON PHARMA,REGENERON PHARMA
REGENERON PHARMS.,REGENERON PHARMA
REGIONS FINANCIAL,REGIONS FINANCIAL
REGIONS FINL.NEW,REGIONS FINANCIAL
REPUBLIC SERVICES,REPUBLIC SERVICES
REPUBLIC SVS.'A',REPUBLIC SERVICES
RESMED,RESMED
RESMED INC.,RESMED
REVVITY,REVVITY
REVVITY INC,REVVITY
ROCKWELL AUTOMATION,ROCKWELL AUTOMATION
ROLLINS,ROLLINS
"ROLLINS, INC.",ROLLINS
ROPER TECHNOLOGIES,ROPER TECHNOLOGIES
ROSS STORES,ROSS STORES
"ROSS STORES, INC.",ROSS STORES
ROYAL CARIBBEAN,ROYAL CARIBBEAN
ROYAL CARIBBEAN GROUP,ROYAL CARIBBEAN
RTX,RTX
RTX CORP,RTX
S&P GLOBAL,S&P GLOBAL
S&P GLOBAL INC,S&P GLOBAL
SALESFORCE,SALESFORCE
SALESFORCE INC,SALESFORCE
SBA COMMS.,SBA COMMS.
SBA COMMUNICATIONS,SBA COMMS.
SCHEIN (HENRY) INC,HENRY SCHEIN
SCHLUMBERGER,SCHLUMBERGER
SCHLUMBERGER NV,SCHLUMBERGER
SEAGATE TECHNOLOGY,SEAGATE TECHNOLOGY
SEAGATE TECHNOLOGY HOLDINGS,SEAGATE TECHNOLOGY
SEMPRA,SEMPRA
SERVICE,SERVICENOW
SERVICENOW,SERVICENOW
SHERWI - ILLIAMS CO,SHERWIN-WILLIAMS
SHERWIN-WILLIAMS,SHERWIN-WILLIAMS
SHERWIN-WILLIAMS - ILLIAMS,SHERWIN-WILLIAMS
SHERWIN-WILLIAMS CO,SHERWIN-WILLIAMS
SHERWIN-WILLIAMS CO - ILLIAMS CO,SHERWIN-WILLIAMS
SIMON PROPERTY GROUP,SIMON PROPERTY GROUP
SKYWORKS SOLUTIONS,SKYWORKS SOLUTIONS
SMITH (AO),A O SMITH CORP
SMURFIT WEST,SMURFIT WESTROCK
SMURFIT WESTROCK,SMURFIT WESTROCK
SNA - N INC,SNAP-ON
SNAP-ON,SNAP-ON
SNAP-ON - N,SNAP-ON
SNAP-ON INC,SNAP-ON
SNAP-ON INC - N INC,SNAP-ON
SOLVENTUM,SOLVENTUM
SOLVENTUM CORP,SOLVENTUM
SOUTHERN,SOUTHERN
SOUTHERN CO,SOUTHERN
SOUTHWEST AIRLINES,SOUTHWEST AIRLINES
STANLEY BLACK,STANLEY BLACK & DECKER
STANLEY BLACK & DECKER,STANLEY BLACK & DECKER
STARBUCKS,STARBUCKS
STARBUCKS CORP,STARBUCKS
STATE STREET,STATE STREET
STATE STREET CORP,STATE STREET
STEEL DYNAMICS,STEEL DYNAMICS
"STEEL DYNAMICS, INC.",STEEL DYNAMICS
STERIS,STERIS
STERIS PLC,STERIS
STRYKER,STRYKER
STRYKER CORPORATION,STRYKER
SUPER MICRO COMPUTER,SUPER MICRO COMPUTER
SYNCHRONY FINANCIAL,SYNCHRONY FINANCIAL
SYNOPSYS,SYNOPSYS
SYNOPSYS INC,SYNOPSYS
SYSCO,SYSCO
SYSCO CORPORATION,SYSCO
T ROWE PRICE,T ROWE PRICE
T ROWE PRICE GROUP,T ROWE PRICE
T-MOBILE US,T-MOBILE US
T-MOBILE US - OBILE US,T-MOBILE US
T-MOBILE US INC,T-MOBILE US
T-MOBILE US INC - OBILE US INC,T-MOBILE US
TAKE,TAKE TWO
TAKE TWO INTACT.SFTW.,TAKE TWO
TAPESTRY,TAPESTRY
TAPESTRY INC,TAPESTRY
TARGA RESOURCES,TARGA RESOURCES
TARGET,TARGET
TARGET CORP,TARGET
TE CONNECTIVITY,TE CONNECTIVITY
TE CONNECTIVITY PLC,TE CONNECTIVITY
TELEDYNE TECH.,TELEDYNE TECH.
TELEDYNE TECHS.,TELEDYNE TECH.
TERADYNE (XSC),TERADYNE INC
TERADYNE INC,TERADYNE INC
TESLA,TESLA
TESLA INC,TESLA
TEXAS INSTRUMENTS,TEXAS INSTRUMENTS
TEXAS PACIFIC LAND,TEXAS PACIFIC LAND
TEXAS PACIFIC LAND TRUST,TEXAS PACIFIC LAND
TEXTRON,TEXTRON
TEXTRON INC,TEXTRON
THE CAMPBELL S COMPANY,CAMPBELL'S CO
THERMO FISHER,THERMO FISHER
THERMO FISHER SCIENTIFIC,THERMO FISHER
TJX,TJX COMPANIES INC
TJX COMPANIES INC,TJX COMPANIES INC
TKO GROUP HOLDINGS,TKO GROUP HOLDINGS
TKO GROUP HOLDINGS A,TKO GROUP HOLDINGS
TRACTOR SUPPLY,TRACTOR SUPPLY
TRANE TECHNOLOGIES,TRANE TECHNOLOGIES
TRANSDIGM GROUP,TRANSDIGM GROUP
TRANSDIGM GRP INC,TRANSDIGM GROUP
TRAVELERS COS,TRAVELERS COS
TRAVELERS COS.,TRAVELERS COS
TRIMBLE,TRIMBLE
TRIMBLE INC,TRIMBLE
TRUIST FINANCIAL,TRUIST FINANCIAL
TYLER TECHNOLOGIES,TYLER TECHNOLOGIES
TYSON FOODS 'A',TYSON FOODS
"TYSON FOODS, INC.",TYSON FOODS
UBER TECHNO,UBER TECHNOLOGIES
UBER TECHNOLOGIES,UBER TECHNOLOGIES
UDR,UDR
UDR INC,UDR
ULTA BEAUTY,ULTA BEAUTY
ULTA BEAUTY INC,ULTA BEAUTY
UNION PACIFIC,UNION PACIFIC
UNION PACIFIC CORP,UNION PACIFIC
UNITED AIR,UNITED AIRLINES HOLDINGS
UNITED AIRLINES HOLDINGS,UNITED AIRLINES HOLDINGS
UNITED PARCEL SER.'B',UNITED PARCEL SVCS
UNITED PARCEL SVCS,UNITED PARCEL SVCS
UNITED RENTALS,UNITED RENTALS
UNITED RENTALS INC,UNITED RENTALS
UNITEDHEALTH GROUP,UNITEDHEALTH GROUP
UNIVERSAL HEALTH SVC,UNIVERSAL HEALTH SVC
UNIVERSAL HEALTH SVS.'B',UNIVERSAL HEALTH SVC
US BANCORP,US BANCORP
VALERO ENERGY,VALERO ENERGY
VALERO ENERGY CORP,VALERO ENERGY
VENTAS,VENTAS
VENTAS INC,VENTAS
VERALTO,VERALTO
VERALTO CORP,VERALTO
VERISIGN,VERISIGN
"VERISIGN, INC",VERISIGN
VERISK ANALYTICS,VERISK ANALYTICS
VERISK ANALYTICS CL.A,VERISK ANALYTICS
VERIZON COMMUNICATIONS,VERIZON COMMUNICATIONS
VERIZON COMMUNICATNS,VERIZON COMMUNICATIONS
VERTEX PHARMA INC,VERTEX PHARMS.
VERTEX PHARMS.,VERTEX PHARMS.
VIATRIS,VIATRIS
VIATRIS INC,VIATRIS
VICI PPTYS,VICI PROPERTIES
VICI PROPERTIES,VICI PROPERTIES
VISA 'A',VISA
VISA INC.,VISA
VISTRA,VISTRA
VULCAN MATERIALS,VULCAN MATERIALS
W R BERKLEY,W R BERKLEY
W R BERKLEY CORP,W R BERKLEY
WABTEC,WABTEC
WALGREENS BOOTS,WALGREENS BOOTS
WALGREENS BOOTS ALLIANCE,WALGREENS BOOTS
WALMART,WALMART
WALMART INC,WALMART
WALT DISNEY,WALT DISNEY
WARNER BROS,WARNER BROS
WARNER BROS DISCOVERY SERIES A,WARNER BROS
WASTE MANAGEMENT,WASTE MANAGEMENT
WATERS,WATERS
WATERS CORP,WATERS
WEC ENERGY GROUP,WEC ENERGY GROUP
WEC ENERGY GROUP INC,WEC ENERGY GROUP
WELLS FARGO & CO,WELLS FARGO & CO
WELLTOWER,WELLTOWER
WEST PHARM.SVS.,WEST PHARMACEUTICAL
WEST PHARMACEUTICAL,WEST PHARMACEUTICAL
WESTERN DIGITAL,WESTERN DIGITAL
WESTERN DIGITAL CORP,WESTERN DIGITAL
WESTINGHOUSE AIR,WABTEC
WEYERHAEUSER,WEYERHAEUSER
WEYERHAEUSER CO,WEYERHAEUSER
WILLIAM,WILLIAMS
WILLIAM - ONOMA,WILLIAMS-SONOMA
WILLIAMS,WILLIAMS
WILLIAMS COMPANIES,WILLIAMS
WILLIAMS-SONOMA,WILLIAMS-SONOMA
WILLIAMS-SONOMA - ONOMA,WILLIAMS-SONOMA
WILLIS TOWERS WAT,WILLIS TOWERS WATSON
WILLIS TOWERS WATSON,WILLIS TOWERS WATSON
WORKDAY,WORKDAY
WORKDAY CLASS A,WORKDAY
WW GRAINGER,WW GRAINGER
WW GRAINGER INC,WW GRAINGER
WYNN RESORTS,WYNN RESORTS
WYNN RESORTS LTD,WYNN RESORTS
XCEL ENERGY,XCEL ENERGY
XCEL ENERGY INC,XCEL ENERGY
XYLEM,XYLEM
XYLEM INC,XYLEM
YUM! BRANDS,YUM! BRANDS
YUM! BRANDS INC,YUM! BRANDS
ZEBRA TECHNOLOGIES,ZEBRA TECHNOLOGIES
ZEBRA TECHNOLOGIES 'A',ZEBRA TECHNOLOGIES
ZIMMER BIOMET,ZIMMER BIOMET
ZIMMER BIOMET HDG.,ZIMMER BIOMET
ZOETIS,ZOETIS
ZOETIS A,ZOETIS